{
  "ppa": {
    "ceiling": 0.814098,
    "adversarial_inceptionv3": 0.801688,
    "aimv2": 0.829153,
    "alexnet": 0.743121,
    "alexnet_random": -0.209516,
    "beit": 0.830974,
    "bit": 0.805185,
    "blip2": 0.84268,
    "briaai": 0.813623,
    "clip_rn101": 0.843962,
    "clip_rn101_random": 0.09434,
    "clip_rn50": 0.834624,
    "clip_rn50_random": 0.21048,
    "clip_vit_b32": 0.821407,
    "clip_vit_b32_random": 0.108941,
    "convnext": 0.832341,
    "cornet_rt": 0.803438,
    "cornet_s": 0.81378,
    "cornet_z": 0.686034,
    "cross_vit": 0.799345,
    "densenet121": 0.827986,
    "densenet161": 0.837166,
    "densenet161_random": 0.249279,
    "densenet169": 0.80306,
    "densenet201": 0.817113,
    "dinov2": 0.830336,
    "dinov2_random": 0.132114,
    "dinov2_large": 0.822925,
    "dreamsim_vitb16": 0.764489,
    "dreamsim_vitb32": 0.767711,
    "efficient_net": 0.821446,
    "ese_vovnet": 0.816454,
    "eva2": 0.828376,
    "fbnet": 0.841358,
    "ghost_net": 0.822181,
    "google_vit": 0.784767,
    "google_vit_random": -0.134297,
    "hrnet": 0.805898,
    "inception_rn_v2": 0.801658,
    "inceptionv3": 0.828124,
    "inceptionv4": 0.803089,
    "kosmos2": 0.83717,
    "mixnet": 0.792211,
    "mnasnet": 0.825889,
    "mobilenetv2": 0.734738,
    "nomic": 0.839278,
    "nomic_random": 0.117194,
    "resnet101": 0.824989,
    "resnet101_random": 0.111213,
    "resnet101_imagenet1kv1": 0.827952,
    "resnet50_places365": 0.825789,
    "resnet50": 0.821334,
    "resnet18": 0.821911,
    "resnet18_random": 0.021364,
    "resnet50_random": 0.08135,
    "resnet50_vggface2": 0.400495,
    "robust_rn18_blur_weak": 0.770288,
    "robust_rn18_blur_strong": 0.771216,
    "robust_rn50_blur_weak": 0.798757,
    "robust_rn50_blur_strong": 0.798214,
    "robust_vgg16_blur_weak": 0.752094,
    "robust_vgg16_blur_strong": 0.755972,
    "robust_vgg19_blur_weak": 0.744021,
    "robust_vgg19_blur_strong": 0.766237,
    "robust_densenet161_epsilon_3": 0.226146,
    "robust_mnasnet_epsilon_3": 0.825566,
    "robust_mobilenetv2_epsilon_3": 0.734738,
    "robust_rn18_epsilon_003": 0.828514,
    "robust_rn18_epsilon_01": 0.816534,
    "robust_rn18_epsilon_025": 0.829781,
    "robust_rn18_epsilon_3": 0.802407,
    "robust_rn18_epsilon_5": 0.796047,
    "robust_rn50_epsilon_003": 0.823239,
    "robust_rn50_epsilon_01": 0.812569,
    "robust_rn50_epsilon_025": 0.820836,
    "robust_rn50_epsilon_3": 0.803679,
    "robust_rn50_epsilon_5": 0.80549,
    "robust_vgg16_bn_epsilon_3": 0.766799,
    "robust_wideresnet50_epsilon_003": 0.831792,
    "robust_wideresnet50_epsilon_01": 0.811042,
    "robust_wideresnet50_epsilon_025": 0.765907,
    "robust_wideresnet50_epsilon_3": 0.804843,
    "robust_wideresnet50_epsilon_5": 0.796441,
    "siglip": 0.834539,
    "siglip2": 0.836928,
    "taskonomy_denoising": 0.312927,
    "taskonomy_autoencoding": 0.328659,
    "taskonomy_curvature": 0.660687,
    "taskonomy_depth_euclidean": 0.662483,
    "taskonomy_depth_zbuffer": 0.677151,
    "taskonomy_class_object": 0.689082,
    "taskonomy_class_scene": 0.675734,
    "taskonomy_edge_occlusion": 0.693077,
    "taskonomy_edge_texture": 0.267215,
    "taskonomy_inpainting": 0.45049,
    "taskonomy_keypoints2d": 0.256962,
    "taskonomy_keypoints3d": 0.701723,
    "taskonomy_normal": 0.684325,
    "taskonomy_reshading": 0.686239,
    "taskonomy_segment_semantic": 0.656499,
    "taskonomy_segment_unsup25d": 0.605079,
    "taskonomy_segment_unsup2d": 0.427544,
    "tdann_simclr": 0.762643,
    "tdann_simclr_alpha_2": 0.795208,
    "tdann_simclr_alpha_5": 0.776181,
    "tdann_simclr_alpha_10": 0.694609,
    "tdann_simclr_alpha_100": 0.630155,
    "toponets_rn18": 0.795082,
    "toponets_rn18_tau_0.5": 0.770146,
    "toponets_rn18_tau_1": 0.821404,
    "toponets_rn18_tau_5": 0.817008,
    "toponets_rn18_tau_20": 0.801199,
    "toponets_rn18_tau_50": 0.791399,
    "toponets_rn50": 0.764817,
    "toponets_vit": 0.801892,
    "vgg16_imagenet1kv1": 0.770719,
    "vgg16_imagenet1kv1_random": 0.05675,
    "vgg19_imagenet1kv1": 0.762071,
    "vgg19_imagenet1kv1_random": 0.218065,
    "vone_alexnet": 0.348689,
    "vone_cornet_s": 0.346762,
    "vone_rn50": 0.404156,
    "webssl_mae300m": 0.809965,
    "webssl_dino300m": 0.813401,
    "wideresnet101": 0.793566,
    "wideresnet50": 0.832344,
    "xception": 0.814768
  },
  "ffa": {
    "ceiling": 0.820121,
    "adversarial_inceptionv3": 0.767688,
    "aimv2": 0.859885,
    "alexnet": 0.757016,
    "alexnet_random": 0.001597,
    "beit": 0.802323,
    "bit": 0.782128,
    "blip2": 0.817223,
    "briaai": 0.804698,
    "clip_rn101": 0.841126,
    "clip_rn101_random": 0.257022,
    "clip_rn50": 0.849183,
    "clip_rn50_random": 0.053908,
    "clip_vit_b32": 0.783026,
    "clip_vit_b32_random": 0.215339,
    "convnext": 0.788645,
    "cornet_rt": 0.840531,
    "cornet_s": 0.816585,
    "cornet_z": 0.757527,
    "cross_vit": 0.798553,
    "densenet121": 0.804473,
    "densenet161": 0.829847,
    "densenet161_random": 0.412733,
    "densenet169": 0.812224,
    "densenet201": 0.814165,
    "dinov2": 0.82783,
    "dinov2_random": 0.194622,
    "dinov2_large": 0.818592,
    "dreamsim_vitb16": 0.804063,
    "dreamsim_vitb32": 0.795347,
    "efficient_net": 0.828974,
    "ese_vovnet": 0.782667,
    "eva2": 0.841309,
    "fbnet": 0.80477,
    "ghost_net": 0.803781,
    "google_vit": 0.785452,
    "google_vit_random": 0.105903,
    "hrnet": 0.810634,
    "inception_rn_v2": 0.821881,
    "inceptionv3": 0.787038,
    "inceptionv4": 0.788673,
    "kosmos2": 0.83829,
    "mixnet": 0.754013,
    "mnasnet": 0.760239,
    "mobilenetv2": 0.816868,
    "nomic": 0.848095,
    "nomic_random": 0.284683,
    "resnet101": 0.852353,
    "resnet101_random": 0.143075,
    "resnet101_imagenet1kv1": 0.814312,
    "resnet50_places365": 0.783741,
    "resnet50": 0.827756,
    "resnet18": 0.796508,
    "resnet18_random": 0.309672,
    "resnet50_random": 0.037346,
    "resnet50_vggface2": 0.429222,
    "robust_rn18_blur_weak": 0.799621,
    "robust_rn18_blur_strong": 0.796751,
    "robust_rn50_blur_weak": 0.816655,
    "robust_rn50_blur_strong": 0.805572,
    "robust_vgg16_blur_weak": 0.762092,
    "robust_vgg16_blur_strong": 0.798014,
    "robust_vgg19_blur_weak": 0.742003,
    "robust_vgg19_blur_strong": 0.781682,
    "robust_densenet161_epsilon_3": 0.409879,
    "robust_mnasnet_epsilon_3": 0.760788,
    "robust_mobilenetv2_epsilon_3": 0.816868,
    "robust_rn18_epsilon_003": 0.800367,
    "robust_rn18_epsilon_01": 0.811395,
    "robust_rn18_epsilon_025": 0.807694,
    "robust_rn18_epsilon_3": 0.801369,
    "robust_rn18_epsilon_5": 0.767851,
    "robust_rn50_epsilon_003": 0.818983,
    "robust_rn50_epsilon_01": 0.821144,
    "robust_rn50_epsilon_025": 0.808234,
    "robust_rn50_epsilon_3": 0.820587,
    "robust_rn50_epsilon_5": 0.788146,
    "robust_vgg16_bn_epsilon_3": 0.827842,
    "robust_wideresnet50_epsilon_003": 0.785647,
    "robust_wideresnet50_epsilon_01": 0.807377,
    "robust_wideresnet50_epsilon_025": 0.801444,
    "robust_wideresnet50_epsilon_3": 0.820467,
    "robust_wideresnet50_epsilon_5": 0.793024,
    "siglip": 0.81927,
    "siglip2": 0.853067,
    "taskonomy_denoising": 0.497301,
    "taskonomy_autoencoding": 0.375359,
    "taskonomy_curvature": 0.593044,
    "taskonomy_depth_euclidean": 0.530098,
    "taskonomy_depth_zbuffer": 0.583199,
    "taskonomy_class_object": 0.57866,
    "taskonomy_class_scene": 0.556923,
    "taskonomy_edge_occlusion": 0.656333,
    "taskonomy_edge_texture": 0.385251,
    "taskonomy_inpainting": 0.534805,
    "taskonomy_keypoints2d": 0.2352,
    "taskonomy_keypoints3d": 0.578073,
    "taskonomy_normal": 0.648818,
    "taskonomy_reshading": 0.570758,
    "taskonomy_segment_semantic": 0.593523,
    "taskonomy_segment_unsup25d": 0.581555,
    "taskonomy_segment_unsup2d": 0.370146,
    "tdann_simclr": 0.803327,
    "tdann_simclr_alpha_2": 0.805754,
    "tdann_simclr_alpha_5": 0.806213,
    "tdann_simclr_alpha_10": 0.780401,